uid,name,phone
1,李华,13812345678
2,王蕾,13912345678
3,张伟,13612345678
4,刘峰,13812345678
5,陈静,13712345678
6,周杰,13612345678
7,吴芳,13912345678
8,朱敏,13712345678
9,许娟,13812345678
10,孙健,13612345678
11,何雪,13812345678
12,曹磊,13912345678
13,梁强,13612345678
14,胡明,13712345678
15,罗平,13812345678
16,高峰,13612345678
17,钟莉,13912345678
18,谢刚,13712345678
19,孔丽,13812345678
20,沈明,13612345678
21,叶莉,13812345678
22,赵辉,13912345678
23,钱洋,13612345678
24,董秀,13712345678
25,于丹,13812345678
26,韩红,13612345678
27,唐艳,13912345678
28,冯刚,13712345678
29,余佳,13812345678
30,江勇,13612345678
31,杨梅,13812345678
32,姜宇,13912345678
33,方琳,13612345678
34,秦勇,13712345678
35,石静,13812345678
36,卢波,13612345678
37,姚娜,13912345678
38,魏杰,13712345678
39,洪波,13812345678
40,龙华,13612345678
41,万强,13812345678
42,白雪,13912345678
43,乔平,13612345678
44,江涛,13712345678
45,段莉,13812345678
46,蒋翔,13612345678
47,陆婷,13912345678
48,钟玉,13712345678
49,傅斌,13812345678
50,黄丹,13612345678
51,姚洋,13812345678
52,谭娜,13912345678
